zipcode,population
99776,124
38305,49808
37086,31513
41667,720
67001,1676
15738,265
28683,1697
97843,647
27504,14566
53536,8503
59535,74
33527,15203
07436,12754
75082,21182
11237,49896
17748,300
42501,17592
58755,129
83120,471
35119,116
24246,455
29162,4122
95628,40196
27315,2243
72644,2268
51446,511
00698,41782
84021,3323
87747,1624
29566,15179
35228,10419
28379,26388
15227,28156
67427,408
37220,5786
44103,18123
46701,7979
06241,6650
06058,1787
27530,40117
18816,128
70525,13150
83610,946
87711,753
42765,5840
42351,3851
41719,1043
48915,9218
16426,3730
73661,420
48097,5499
75054,5053
54513,478
74455,3158
08561,226
65770,3002
36522,7183
71439,1897
43357,4763
57471,674
99517,16645
33909,23119
13795,3800
75063,35090
75236,15949
48809,11015
88256,1925
87931,634
54456,6085
48747,1494
66512,3361
43973,1996
76402,847
49337,12088
35233,1308
55103,12991
14842,938
45769,6642
17972,11627
43456,608
98115,46206
49319,16181
77099,47091
36079,9339
07009,12411
29468,2107
24348,3958
12167,2438
85353,31011
81612,20
96058,798
31768,23617
28773,3378
73463,3501
65077,561
23833,2297
53575,15494
76011,21594
56327,803
77053,28954
44139,24356
64014,24797
35014,4546
07626,8537
36722,472
58654,289
68714,1224
04493,1967
56549,4508
58626,262
83342,1371
13845,83
06451,24419
33130,26108
72038,74
44654,19679
21136,33781
30627,2273
66607,10498
07701,23813
54082,1696
71417,4932
80755,163
68834,226
80246,12875
38367,2843
11557,7823
90012,31103
75976,827
50641,2017
76429,258
57625,4230
37313,1731
05906,1178
18656,2195
21754,6323
74085,2588
54653,894
58227,504
89008,1508
95825,31084
48224,44439
67260,0
72004,1311
13083,1809
44427,1612
29692,4856
93222,2099
35671,2107
56438,2949
78520,59408
34743,33632
70358,1296
26056,93
70714,19803
35023,25436
59633,206
84318,3918
25704,16441
40006,5084
11789,7895
23320,51797
11210,62008
83340,4682
10033,53926
62871,686
31071,1199
26617,187
03583,1107
23604,5720
97634,212
10456,86547
20814,27642
47112,16722
78671,654
93314,22393
49788,6609
37207,34880
99016,12480
30812,363
50862,148
67876,1156
21045,38288
60633,12927
88046,697
22967,1956
48649,1576
94592,742
27042,834
52037,1223
76469,96
50217,631
22438,463
49117,3951
83353,1335
33476,7669
92336,88419
66760,98
47610,5195
74553,1384
64439,1642
95303,912
15145,7132
31028,5912
48851,2365
49630,1429
77031,15762
14171,2077
75561,5395
31022,1424
72513,2856
24850,1093
33133,31926
71953,14882
88436,185
25086,928
85345,56208
62994,755
93292,39032
50438,4159
34224,15394
51645,262
43219,27123
96080,28764
93652,415
19129,10975
04270,5880
76310,17989
14108,5882
06778,1378
60927,2404
80651,4176
32132,7265
47357,1215
05871,1638
99730,144
63952,408
06784,3689
77036,71969
23030,5128
20853,29673
01082,10322
81642,61
54769,502
54554,1120
98047,6339
23234,42989
62893,977
29682,3818
40291,35427
24901,9128
14608,12268
01259,635
18962,515
59226,410
48316,25404
54826,807
48635,1573
84724,1214
80921,18999
74761,70
37337,1470
51441,353
61019,3550
60437,187
67065,228
36277,5420
26348,196
63387,73
81029,326
23050,598
49902,145
04292,948
51449,2128
94585,28263
20427,0
12526,3686
98012,51136
62551,837
20901,34832
48886,2116
89434,25416
92845,16333
54527,1081
46222,34044
79081,3912
87018,522
60177,22659
40162,6056
45429,25885
22974,5385
04622,1412
60911,1372
58423,78
01080,2334
52649,887
63381,532
21401,36012
03906,4647
71837,5227
21117,53778
19544,196
84604,49145
47562,4658
65580,829
88121,152
54011,6819
21667,310
29168,3582
27879,311
97038,15113
60150,1794
38642,2321
56381,2458
75056,47852
93669,295
68957,631
50588,12756
22535,580
32568,3122
13820,22455
94552,14454
41557,1716
53574,3877
48204,27997
40939,273
02871,17171
49080,15802
37184,5844
04766,386
77412,106
74441,5362
25902,420
03810,1538
08808,86
92249,7334
67547,1769
67207,26978
68531,48
63665,241
35077,13142
48216,5645
56211,529
33486,21720
95315,13018
41146,412
57239,223
03084,1366
44626,2977
95321,3736
37686,7072
29845,1104
90606,32396
95724,27
32346,1693
33917,28666
75849,75
57065,397
33449,10817
13081,1169
26537,5721
61254,11414
70662,411
37931,26109
61540,2916
77446,5217
46628,25650
40813,669
33458,49396
57638,1921
59447,250
86437,76
47849,496
08873,49921
92399,52606
69021,1348
97136,1761
28525,3132
84648,5776
85646,1311
76844,3550
57791,190
18356,136
14167,1663
15009,15082
81522,139
70397,1365
27866,855
24370,6572
50440,422
59419,96
90602,25777
30607,10895
54977,1337
83464,345
74467,14995
97454,1337
62344,138
43840,1248
64771,610
63633,645
93235,4559
56731,93
24316,50
20623,2744
26178,587
50851,2087
92311,31894
60148,51468
28075,16143
56335,199
98363,13343
31787,1488
85392,35310
64850,24063
85736,4975
83822,2006
56671,3371
33762,8499
40144,1866
17554,7525
95835,35936
28017,695
98597,21557
28105,39586
08012,38992
11356,23438
77444,784
64728,594
99586,605
35643,2941
82715,0
33027,57663
44130,50639
72415,1346
35217,13729
05058,346
43728,1250
04068,1505
27055,14200
59089,467
19518,14734
07405,17701
22125,711
79413,21187
14718,2163
12522,5172
85926,265
18661,5730
47373,2226
00957,45680
28020,2322
19094,4406
72022,14270
30562,1128
29691,11333
80205,29221
61317,513
98004,27946
40442,1136
76537,3870
67512,234
48811,5641
04347,2355
79062,218
57059,1522
04348,2976
36773,512
05658,1402
99103,497
04040,3111
17257,27996
47177,1221
44287,7559
02575,2725
55983,1588
15944,3472
02833,784
01940,12108
70458,35077
61421,1392
30560,4599
83846,770
19963,19206
61737,516
11703,16415
85007,14040
97844,3806
00652,4715
45810,8460
20762,2973
54302,30611
49910,385
05101,4643
81225,952
56553,293
75494,10862
73103,4315
18438,1172
45130,3913
37020,5036
29664,1808
95322,8942
43764,8566
38570,9898
92102,43267
58363,83
93268,16897
33183,35949
49971,483
14572,5081
77968,2774
37412,20951
79106,27967
29324,167
03456,742
07922,12246
19564,90
67437,1161
17813,1979
19520,5465
10986,1974
78236,10392
93644,8637
59338,142
22211,648
42649,2326
85616,5566
47465,750
93110,16829
62479,820
16120,2463
55398,15540
69339,1462
05155,828
33147,46933
71722,87
32189,5807
72072,544
54813,601
28138,10495
61491,2197
15601,59483
99338,11555
94947,24283
99037,12973
20748,38792
42259,1281
11101,25484
43323,680
82633,9592
30739,5571
28166,8619
66441,26746
87028,145
61452,293
18452,4802
83703,16565
39365,7547
28009,1121
19131,43172
96792,48519
30475,52
66533,1832
05862,356
42156,254
49270,5874
30606,40225
04491,140
35651,1312
78003,8689
35042,5831
63446,691
12304,21482
60461,4836
68717,198
98851,4014
75862,10091
63079,58
77483,311
82083,373
72355,2768
02562,2977
15545,2879
11934,7263
00705,25598
87375,3193
98908,35240
80907,26758
73728,1861
16647,764
17965,2067
63005,17753
70352,205
95667,36726
74337,5060
14815,946
92539,4734
18325,2465
63544,818
91204,16032
54568,5198
96114,3220
04780,808
12928,2028
78738,12134
95688,34379
72585,216
15347,582
44443,1704
59754,964
49802,6230
23947,4293
74884,6024
94801,29395
40324,41342
83801,6150
84043,49030
50447,1081
11977,2467
98358,897
97366,1460
68863,1151
79096,2229
84305,751
19952,10220
83677,44
99337,29845
81067,5670
01229,95
70541,432
67047,731
13619,10901
28602,28981
10014,31959
02882,14184
84340,3369
50174,1429
14722,153
23176,656
59461,33
12831,17416
72542,3826
67336,1683
16665,299
19426,38831
66046,19452
17545,21256
21034,3387
60639,90407
74825,2170
03811,6753
61820,36964
95915,44
37370,4652
80019,1690
03447,2422
40371,2838
92530,50216
07006,24812
57024,428
02840,23335
80526,44183
22530,126
90047,48606
35149,630
52721,798
34753,5353
93251,270
76088,11499
92544,44734
37691,894
48124,31732
05651,1546
02382,14489
90604,39407
10165,2
72466,1481
54476,18580
12035,802
45405,18948
62218,1481
70668,6424
53577,1371
12567,2854
19406,23441
29410,17816
21776,5735
10710,25120
70658,955
16677,481
77441,4809
98333,3633
57551,2279
83661,9881
84321,44074
82501,19408
95211,1545
16254,3471
98312,30203
98092,39816
95240,47172
83313,3625
18635,3881
27408,17296
56123,514
33035,13497
41317,190
64726,467
96091,699
97404,32255
33759,17820
26435,98
35503,9068
93535,72046
45133,23900
80927,604
29801,26778
01264,137
64019,2368
32430,1199
28652,46
14261,5713
80027,31034
38930,25297
46130,2508
33850,7519
43553,252
62611,1067
15905,21226
79741,288
15840,1993
34432,12273
78648,7683
45233,15808
17815,30967
94044,37296
85344,9147
49705,937
63106,11883
65270,17681
62862,364
11953,13553
36105,12043
43105,8147
19140,54133
84626,410
18960,12473
54149,1184
36603,7922
94043,28358
78623,813
15344,1450
49892,1948
12482,680
24347,1931
31823,754
87538,493
99347,2293
29639,1742
23231,34685
00728,44908
46984,224
53402,33174
43016,31306
72013,2197
15223,7236
10152,0
34205,29656
66072,1054
68370,2075
95066,14749
40988,555
28350,305
57335,244
84050,9290
30028,22182
54660,15688
89830,270
38764,430
33849,856
14619,14749
98335,24925
26292,836
18234,401
92610,11248
04860,1591
17822,0
49241,2579
60901,37157
57249,994
46113,14063
78578,12516
52205,8682
96768,17668
17082,3588
24464,213
13341,102
13115,224
73086,8345
32428,17412
01005,5079
98571,483
79714,14786
96105,527
31543,4796
92518,1162
04101,17227
11726,19857
83545,484
90010,3800
45715,2630
94579,20571
04629,107
92276,7585
73554,3614
85745,37006
81063,2726
47720,17413
11764,13200
61451,393
48065,10547
52209,1074
29070,15330
71749,2595
29370,1045
71303,21015
70053,16499
02804,2607
85701,4983
59046,390
20855,14295
21545,1940
02660,6261
95543,765
29828,1003
76201,27107
59711,8933
63769,1389
98683,30832
98581,424
63087,769
32601,18585
90290,6368
45813,3530
95669,2443
60085,71714
35441,1060
98575,228
57470,143
92865,19704
59221,1658
74136,30703
41821,537
72010,6577
85257,26755
62047,1555
92869,37184
19939,5979
66616,5874
59053,354
75426,5301
23513,29595
99830,561
55346,16776
56644,787
66751,849
84713,3792
31775,2979
80757,255
55920,7026
58244,194
25304,8773
40517,35227
48001,11986
21912,1240
10993,4769
04985,114
48874,180
29122,54
77612,8901
03855,2638
48411,156
66216,24368
98855,5863
55439,8750
95944,46
12457,763
58230,663
55040,12568
98552,508
60401,7797
22815,8355
74060,586
05681,458
32508,5852
38018,35059
04350,3577
72501,25099
43162,6926
77575,15949
00924,56691
45353,196
67574,252
96109,2197
23692,18846
85348,2786
72668,521
57231,1695
31542,2811
08314,2511
17025,16778
49329,8641
54101,2751
99768,175
48382,21945
99649,80
46062,29730
93308,52447
24484,741
62207,8750
62501,2661
64689,683
56672,2097
13020,150
51636,405
25550,9077
17360,5927
73654,866
35542,1021
02863,19385
18651,8880
66537,1448
11377,89830
80864,1325
54846,547
17056,128
29464,43649
43722,420
78662,2268
98345,554
72368,1228
95673,15455
56735,816
25608,1004
12842,1166
46804,27245
12533,25307
65067,379
70665,10743
34787,46083
48435,2083
75706,8771
32118,16961
40330,19334
62019,490
78620,14367
76870,251
29104,1531
20695,6794
40209,360
62819,448
68467,9338
58018,324
98311,25880
73755,905
77961,183
01719,4996
11930,1343
04413,196
63531,532
50563,2500
72675,1399
73132,26432
85234,50014
27541,3770
12123,5124
97065,676
90035,28418
46373,13859
43938,5794
54756,916
72821,2048
18812,1644
29015,1738
31067,222
83337,33
68512,11659
70535,18215
57049,5789
14604,1743
15928,1974
72852,315
24843,158
41171,5042
61435,116
30120,38085
80456,620
01030,11669
96786,40859
