score,retrieved_on,f0_
1,1515297733,634
1,1512335574,131
1,1515316390,240
1,1515337310,4055
1,1512331191,1231
0,1515283507,220
1,1515284514,217
1,1512340372,35
1,1515288174,128
1,1512331159,1233
1,1512331378,2863
1,1515299770,737
0,1515305336,1893
0,1515285817,280
1,1515293835,2986
1,1515300394,98
1,1515294071,146
1,1515312142,624
1,1515331468,105
3,1515334270,5665
1,1515304082,495
1,1515317880,578
1,1515335135,1847
1,1515349437,222
1,1515318605,44
1,1515366152,468
1,1515340328,102
1,1515333280,330
1,1515362953,3528
1,1515364319,1102
6,1515369034,1048
1,1515374336,298
1,1515359945,891
1,1515360645,279
1,1515365792,290
0,1515392250,1429
0,1515374160,1042
1,1515385240,4222
2,1512332153,860
16,1515289182,1120
5,1515304793,1082
2,1515330119,672
1,1512336370,1694
0,1512340367,400
23,1515299623,75
7,1512335111,360
30,1515320191,1799
41,1512341531,2711
0,1515285948,330
1,1515291779,295
7,1515312983,368
3,1515299994,2517
9,1515300123,1174
0,1515350555,2108
6,1512341769,1154
0,1515285919,364
1,1515307626,224
6,1515298112,139
30,1515305432,235
3,1515317287,200
2,1515335972,1888
0,1515322546,365
40,1515321089,181
0,1515335487,194
499,1515320974,147
1,1515341544,1865
11,1515358636,577
268,1515374942,102
9,1515345408,285
0,1515350155,787
18,1515339282,177
68,1515364062,1140
0,1515367384,73
51,1515366920,62
5,1515351245,438
2,1515361883,1594
6,1515346047,535
10,1515382089,79
0,1515398029,38
26,1515378337,365
0,1515379986,370
7,1515395038,883
121,1515398410,499
4,1515355510,2843
6,1515386335,604
6,1515398141,247
49,1515381951,13
0,1515315560,3136
3,1515389832,334
1,1512339905,35
3,1515298136,395
2,1515383228,13
5,1515393080,15
1,1515320857,96
4,1515322428,3411
5,1515360169,418
1,1515381829,762
10,1515283503,296
11,1515287797,577
2,1515317463,304
4,1515367830,157
7,1515376794,169
2,1515391825,379
1,1515335041,502
1,1515391783,539
85,1515300561,83
20,1515313000,1320
18,1515292652,571
131,1515320964,765
23,1515282871,218
5,1512334403,1691
13,1515339609,207
10,1515289117,211
85,1515293384,5335
27,1515325630,485
89,1515337135,849
24,1515331298,210
40,1515338468,665
43,1515390218,218
13,1515372431,206
147,1515382833,292
21,1515380454,1457
13,1515356795,360
7,1515370684,112
4,1515384583,397
15,1515398430,419
4,1515312923,511
5,1515297484,339
5,1515313853,577
6,1515330928,429
20,1515344747,6427
3,1515348696,552
1,1515353790,1464
6,1515369700,2602
16,1515390851,689
2,1515388819,2267
9,1512332906,1033
0,1515291015,172
6,1515359427,898
3,1515368332,1483
3,1515326843,356
24,1515381441,39
1,1515395182,71
1,1515372305,59
1,1515369506,114
1,1515366596,114
1,1515366488,62
1,1515385531,73
1,1515370922,72
1,1515395008,43
0,1515305280,244
6,1515297143,10
4,1515330134,303
3,1515398863,835
7,1515319300,306
1,1515292484,901
2,1515299319,71
3,1515343119,1093
3,1515328066,830
7,1515332600,166
1,1515382881,701
11,1515373335,3190
1,1515394789,987
1,1515285436,743
6,1515339720,85
1,1515365126,764
7,1515393270,224
1,1512337323,315
2,1515315469,171
1,1512331807,315
1,1512332527,65
16,1515335032,197
1,1515282916,74
7,1515348244,101
2,1515310368,43
1,1515306834,158
9,1515313173,347
2,1515319976,110
2,1515359767,90
6,1515309726,52
39,1515310058,317
12,1515314320,197
3,1515302219,508
3,1515338720,210
37,1515310187,445
20,1515381517,15
3,1515337258,190
1,1515349624,76
1,1515344405,223
2,1515326820,133
2,1515342162,438
1,1515392257,283
7,1515349404,77
0,1515337517,921
0,1515346984,154
5,1515349499,105
1,1515393534,123
2,1515384410,21
1,1515363656,117
1,1515366954,178
